bps,fixed,fee_mult,downtime,fee_mode,policy,capital,days,paid,retained_fees,ending_capital,total_wealth,gross_fees,costs,unrecovered_costs,fee_reserve,rebalances,settlements,max_drawdown,close_in_range_fraction,crossing_bar_fraction,narrow_fraction,gross_fee_apr_pct,spendable_apr_pct
5.0,0.02,0.5,1,strict,fixed_1,190.0,17.99652777777778,6.908776219766975,6.908776219766975,153.0813350496975,159.99011126946445,20.609239437639783,6.791686998105852,0.0,0.0,112,19,0.2058431946996604,0.9444337256415204,0.11653482539070037,0.9783908933050357,219.99484648036537,73.7482413377646
5.0,0.02,0.5,1,strict,fixed_3,190.0,17.99652777777778,4.303350260751563,4.303350260751563,183.15074356793386,187.45409382868542,10.097718164951388,1.4910176434482696,0.0,0.0,17,19,0.07703747506107483,0.9915107080841211,0.0136986301369863,0.0,107.78883734269829,45.936429766362124
5.0,0.02,0.5,1,strict,fixed_5,190.0,17.99652777777778,2.778581490673929,2.7785814906739295,189.1769375515543,191.95551904222822,6.418994337706414,0.8618313563585628,0.0,0.0,7,19,0.07963835784701989,0.9959482924946942,0.0040517075053058075,0.0,68.52002851221077,29.660173065755803
5.0,0.02,0.5,1,strict,economic_3_30m_5,190.0,17.99652777777778,4.303350260751563,4.303350260751563,183.15074356793386,187.45409382868542,10.097718164951388,1.4910176434482696,0.0,0.0,17,19,0.07703747506107483,0.9915107080841211,0.0136986301369863,0.0,107.78883734269829,45.936429766362124
5.0,0.02,1.0,1,strict,fixed_1,190.0,17.99652777777778,17.749192761176054,17.749192761176054,162.89310475170285,180.6422975128789,42.40689154937217,6.908506027020065,0.0,0.0,112,19,0.1566683180151105,0.9444337256415204,0.11653482539070037,0.9783908933050357,452.6754917056777,189.46506728015953
5.0,0.02,1.0,1,strict,fixed_3,190.0,17.99652777777778,9.477235818704047,9.477235818704045,188.24536410353966,197.72259992224372,20.457047888338607,1.5025762509305336,0.0,0.0,17,19,0.06981737123030995,0.9915107080841211,0.0136986301369863,0.0,218.37026656195397,101.16545277193349
5.0,0.02,1.0,1,strict,fixed_5,190.0,17.99652777777778,6.039240688228068,6.039240688228068,192.48822609216725,198.52746678039532,12.943594590835673,0.8651132143795675,0.0,0.0,7,19,0.07471150546377758,0.9959482924946942,0.0040517075053058075,0.0,138.1673551579197,64.46632017085558
5.0,0.02,1.0,1,strict,economic_3_30m_5,190.0,17.99652777777778,9.477235818704047,9.477235818704045,188.24536410353966,197.72259992224372,20.457047888338607,1.5025762509305336,0.0,0.0,17,19,0.06981737123030995,0.9915107080841211,0.0136986301369863,0.0,218.37026656195397,101.16545277193349
5.0,0.02,2.0,1,strict,fixed_1,190.0,17.99652777777778,41.338745280496916,41.33874528049692,184.31347147988296,225.65221676037987,89.8325979946507,7.155107433656806,0.0,0.0,112,19,0.100130910368039,0.9444337256415204,0.11653482539070037,0.9783908933050357,958.9246931971609,441.27348557387364
5.0,0.02,2.0,1,strict,fixed_3,190.0,17.99652777777778,20.229947374726972,20.229947374726972,198.8364627975913,219.06641017231829,41.986154193906124,1.5262594444521993,0.0,0.0,17,19,0.061203254808461005,0.9915107080841211,0.0136986301369863,0.0,448.1842997718667,215.9460653788498
5.0,0.02,2.0,1,strict,fixed_5,190.0,17.99652777777778,12.722152627460554,12.722152627460554,199.27471122203286,211.99686384949342,26.316087301561083,0.8717820466400386,0.0,0.0,7,19,0.06532494355899954,0.9959482924946942,0.0040517075053058075,0.0,280.91301493141555,135.8035565866805
5.0,0.02,2.0,1,strict,economic_3_30m_5,190.0,17.99652777777778,20.126955828791612,20.12695582879161,198.66232598097986,218.78928180977147,41.90011743664393,1.6462057790608726,0.0,0.0,19,19,0.061203254808461005,0.9909318927262203,0.014856260852787961,0.0009646922631680494,447.265894060543,214.8466745252774
5.0,0.1,0.5,1,strict,fixed_1,190.0,17.99652777777778,1.4879055869584688,1.4879055869584692,148.27180326452665,149.75970885148513,20.26134256755783,17.285531393640873,0.0,0.0,112,19,0.23034674903881913,0.9444337256415204,0.11653482539070037,0.9783908933050357,216.28119568038008,15.882757933433616
5.0,0.1,0.5,1,strict,fixed_3,190.0,17.99652777777778,2.8546262235392037,2.8546262235392037,181.72529055307734,184.57991677661656,10.05702938788892,4.347776940810491,0.0,0.0,17,18,0.07962583934266432,0.9915107080841211,0.0136986301369863,0.0,107.35450199080833,30.4719181756594
5.0,0.1,0.5,1,strict,fixed_5,190.0,17.99652777777778,1.789951771450815,1.7899517714508153,188.17092051928392,189.96087229073473,6.400747490989493,2.8208439480878575,0.0,0.0,7,17,0.0813963176158129,0.9959482924946942,0.0040517075053058075,0.0,68.3252512010739,19.10697220822219
5.0,0.1,0.5,1,strict,economic_3_30m_5,190.0,17.99652777777778,2.8546262235392037,2.8546262235392037,181.72529055307734,184.57991677661656,10.05702938788892,4.347776940810491,0.0,0.0,17,18,0.07962583934266432,0.9915107080841211,0.0136986301369863,0.0,107.35450199080833,30.4719181756594
5.0,0.1,1.0,1,strict,fixed_1,190.0,17.99652777777778,12.151504312493765,12.151504312493769,157.91255107635305,170.0640553888468,41.70458128624586,17.401572661258314,0.0,0.0,112,19,0.18210211438620272,0.9444337256415204,0.11653482539070037,0.9783908933050357,445.1786290006971,129.71212905849535
5.0,0.1,1.0,1,strict,fixed_3,190.0,17.99652777777778,7.9553951606169715,7.955395160616972,186.7494781832402,194.70487334385717,20.369875890855234,4.459085569621277,0.0,0.0,17,19,0.07240944474727573,0.9915107080841211,0.0136986301369863,0.0,217.43974264515595,84.92045241874305
5.0,0.1,1.0,1,strict,fixed_5,190.0,17.99652777777778,4.990113957662358,4.990113957662359,191.41958697202406,196.4097009296864,12.904259181563933,2.9240312662392425,0.0,0.0,7,18,0.07672753919518505,0.9959482924946942,0.0040517075053058075,0.0,137.74746643033404,53.26733950358633
5.0,0.1,1.0,1,strict,economic_3_30m_5,190.0,17.99652777777778,7.9553951606169715,7.955395160616972,186.7494781832402,194.70487334385717,20.369875890855234,4.459085569621277,0.0,0.0,17,19,0.07240944474727573,0.9915107080841211,0.0136986301369863,0.0,217.43974264515595,84.92045241874305
5.0,0.1,2.0,1,strict,fixed_1,190.0,17.99652777777778,35.36312516662245,35.363125166622446,178.97877540036743,214.34190056698986,88.37167116645706,17.645420833212413,0.0,0.0,112,19,0.10962205267275915,0.9444337256415204,0.11653482539070037,0.9783908933050357,943.3299220140709,377.4862879165036
5.0,0.1,2.0,1,strict,fixed_3,190.0,17.99652777777778,18.663363520386063,18.66336352038606,197.29622767752846,215.95959119791453,41.80943253308082,4.482705492308711,0.0,0.0,17,19,0.06219515409955356,0.9915107080841211,0.0136986301369863,0.0,446.2978713686908,199.22345047706398
5.0,0.1,2.0,1,strict,fixed_5,190.0,17.99652777777778,11.599669083728706,11.599669083728706,198.13311075312893,209.73277983685765,26.229922579239027,3.0305844117816445,0.0,0.0,7,19,0.0673455006500987,0.9959482924946942,0.0040517075053058075,0.0,279.99324324762193,123.82152320659256
5.0,0.1,2.0,1,strict,economic_3_30m_5,190.0,17.99652777777778,18.663363520386063,18.66336352038606,197.29622767752846,215.95959119791453,41.80943253308082,4.482705492308711,0.0,0.0,17,19,0.06219515409955356,0.9915107080841211,0.0136986301369863,0.0,446.2978713686908,199.22345047706398
5.0,0.5,0.5,1,strict,fixed_1,190.0,17.99652777777778,0.0,0.0,100.96116291358587,100.96116291358587,17.069793985324655,68.4700770908292,51.4002831055046,0.0,112,17,0.4687957903728861,0.9444337256415204,0.11653482539070037,0.9783908933050357,182.21277493600817,0.0
5.0,0.5,0.5,1,strict,fixed_3,190.0,17.99652777777778,0.0,0.0,172.59903831221052,172.59903831221052,9.804654015013657,16.22783696737272,6.423182952359062,0.0,17,13,0.10777334321473564,0.9915107080841211,0.0136986301369863,0.0,104.66050245826291,0.0
5.0,0.5,0.5,1,strict,fixed_5,190.0,17.99652777777778,0.0,0.0,184.30982989978952,184.30982989978952,6.319208785623717,8.316726624429323,1.9975178388056205,0.0,7,8,0.08959250218796788,0.9959482924946942,0.0040517075053058075,0.0,67.45486027648741,0.0
5.0,0.5,0.5,1,strict,economic_3_30m_5,190.0,17.99652777777778,0.0,0.0,172.59903831221052,172.59903831221052,9.804654015013657,16.22783696737272,6.423182952359062,0.0,17,13,0.10777334321473564,0.9915107080841211,0.0136986301369863,0.0,104.66050245826291,0.0
5.0,0.5,1.0,1,strict,fixed_1,190.0,17.99652777777778,0.0,0.0,117.59558911710897,117.59558911710897,36.22357609697926,69.17507970972837,32.951503612748986,0.0,112,18,0.3855015193473582,0.9444337256415204,0.11653482539070037,0.9783908933050357,386.67123483802914,0.0
5.0,0.5,1.0,1,strict,fixed_3,190.0,17.99652777777778,0.8606749201134309,0.8606749201134309,179.75837946255535,180.6190543826688,19.94635352803411,18.2425389048411,0.017535217033862516,0.0,17,17,0.08595828821281326,0.9915107080841211,0.0136986301369863,0.0,212.9188219449156,9.187337916703786
5.0,0.5,1.0,1,strict,fixed_5,190.0,17.99652777777778,0.22434203080890297,0.22434203080890303,186.50596566039783,186.73030769120675,12.708969124064716,12.31883174964712,0.05854668720025141,0.0,7,16,0.08671285419520947,0.9959482924946942,0.0040517075053058075,0.0,135.6628283072883,2.3947555549653097
5.0,0.5,1.0,1,strict,economic_3_30m_5,190.0,17.99652777777778,0.8606749201134309,0.8606749201134309,179.75837946255535,180.6190543826688,19.94635352803411,18.2425389048411,0.017535217033862516,0.0,17,17,0.08595828821281326,0.9915107080841211,0.0136986301369863,0.0,212.9188219449156,9.187337916703786
5.0,0.5,2.0,1,strict,fixed_1,190.0,17.99652777777778,5.448918840916399,5.448918840916397,152.30328575510833,157.75220459602474,80.99164106502016,70.09380338318726,0.0,0.0,112,19,0.21178885624678823,0.9444337256415204,0.11653482539070037,0.9783908933050357,864.5512463575169,58.16488607056793
5.0,0.5,2.0,1,strict,fixed_3,190.0,17.99652777777778,11.105145979767661,11.10514597976766,189.85642901779877,200.96157499756643,40.97634564960691,18.766053690071537,0.0,0.0,17,18,0.07163667204593838,0.9915107080841211,0.0136986301369863,0.0,437.4050239839433,118.54269985815739
5.0,0.5,2.0,1,strict,fixed_5,190.0,17.99652777777778,6.516848747454988,6.516848747454987,192.96039328595936,199.47724203341434,25.859269076616275,12.825571581706386,0.0,0.0,7,17,0.07619264181303409,0.9959482924946942,0.0040517075053058075,0.0,276.03667509508847,69.56458262665072
5.0,0.5,2.0,1,strict,economic_3_30m_5,190.0,17.99652777777778,11.105145979767661,11.10514597976766,189.85642901779877,200.96157499756643,40.97634564960691,18.766053690071537,0.0,0.0,17,18,0.07163667204593838,0.9915107080841211,0.0136986301369863,0.0,437.4050239839433,118.54269985815739
10.0,0.02,0.5,1,strict,fixed_1,190.0,17.99652777777778,4.79116324284575,4.791163242845751,151.20049792519563,155.9916611680414,20.47467281279801,10.892346327106509,0.0,0.0,112,19,0.21567751223830045,0.9444337256415204,0.11653482539070037,0.9783908933050357,218.55840511808103,51.143625424002074
10.0,0.02,0.5,1,strict,fixed_3,190.0,17.99652777777778,3.9234201017976873,3.923420101797688,182.77573190635326,186.69915200815095,10.087414215130853,2.2405740115354895,0.0,0.0,17,19,0.07767487164937481,0.9915107080841211,0.0136986301369863,0.0,107.67884707033674,41.88083726159132
10.0,0.02,0.5,1,strict,fixed_5,190.0,17.99652777777778,2.616205591230723,2.6162055912307234,189.01039461750597,191.62660020873668,6.41581610752402,1.1834049250625658,0.0,0.0,7,19,0.07998251221451091,0.9959482924946942,0.0040517075053058075,0.0,68.48610225970785,27.92687955057258
10.0,0.02,0.5,1,strict,economic_3_30m_5,190.0,17.99652777777778,3.9234201017976873,3.923420101797688,182.77573190635326,186.69915200815095,10.087414215130853,2.2405740115354895,0.0,0.0,17,19,0.07767487164937481,0.9915107080841211,0.0136986301369863,0.0,107.67884707033674,41.88083726159132
10.0,0.02,1.0,1,strict,fixed_1,190.0,17.99652777777778,15.501622479776485,15.501622479776486,160.89103144927273,176.3926539290492,42.12723386932453,11.123988909771517,0.0,0.0,112,19,0.1671122580093527,0.9444337256415204,0.11653482539070037,0.9783908933050357,449.69026517292303,165.4732125343079
10.0,0.02,1.0,1,strict,fixed_3,190.0,17.99652777777778,9.086184247647903,9.086184247647905,187.85930342666276,196.94548767431067,20.43602771191049,2.263659216614644,0.0,0.0,17,19,0.07046092729689823,0.9915107080841211,0.0136986301369863,0.0,218.14588513825873,96.99114393338014
10.0,0.02,1.0,1,strict,fixed_5,190.0,17.99652777777778,5.873594734735367,5.873594734735367,192.31835122264582,198.1919459573812,12.93715337745249,1.189963907981769,0.0,0.0,7,19,0.0750583997028702,0.9959482924946942,0.0040517075053058075,0.0,138.0985979505677,62.69812022252727
10.0,0.02,1.0,1,strict,economic_3_30m_5,190.0,17.99652777777778,9.086184247647903,9.086184247647905,187.85930342666276,196.94548767431067,20.43602771191049,2.263659216614644,0.0,0.0,17,19,0.07046092729689823,0.9915107080841211,0.0136986301369863,0.0,218.14588513825873,96.99114393338014
10.0,0.02,2.0,1,strict,fixed_1,190.0,17.99652777777778,38.807790024304445,38.807790024304445,182.0465614662642,220.85435149056863,89.2285270675834,11.612947018974511,0.0,0.0,112,19,0.10417833705130985,0.9444337256415204,0.11653482539070037,0.9783908933050357,952.4764935309124,414.2566170125901
10.0,0.02,2.0,1,strict,fixed_3,190.0,17.99652777777778,19.815728036000856,19.815728036000852,198.42738285671422,218.24311089271507,41.94241569012596,2.3109596181242735,0.0,0.0,17,19,0.06152946533717396,0.9915107080841211,0.0136986301369863,0.0,447.7174098871859,211.52445049548726
10.0,0.02,2.0,1,strict,fixed_5,190.0,17.99652777777778,12.549783328839524,12.549783328839528,199.09798663807595,211.64776996691546,26.30285855472584,1.2032918970466846,0.0,0.0,7,19,0.06567716502376408,0.9959482924946942,0.0040517075053058075,0.0,280.77180369759236,133.96358779487704
10.0,0.02,2.0,1,strict,economic_3_30m_5,190.0,17.99652777777778,19.815728036000856,19.815728036000852,198.42738285671422,218.24311089271507,41.94241569012596,2.3109596181242735,0.0,0.0,17,19,0.06152946533717396,0.9915107080841211,0.0136986301369863,0.0,447.7174098871859,211.52445049548726
10.0,0.1,0.5,1,strict,fixed_1,190.0,17.99652777777778,0.0,0.0,145.89659397862758,145.89659397862758,20.06925608232161,21.298043277031272,1.228787194709683,0.0,112,19,0.24310109236472754,0.9444337256415204,0.11653482539070037,0.9783908933050357,214.23075432574586,0.0
10.0,0.1,0.5,1,strict,fixed_3,190.0,17.99652777777778,2.4761705786509487,2.4761705786509496,181.35182506063717,183.8279956392881,10.046431784294528,5.094090626992644,0.0,0.0,17,18,0.08036089559332749,0.9915107080841211,0.0136986301369863,0.0,107.24137708957835,26.43206548003978
10.0,0.1,0.5,1,strict,fixed_5,190.0,17.99652777777778,1.6280446057577207,1.6280446057577214,188.00501187055363,189.63305647631134,6.397525865341512,3.141436653826058,0.0,0.0,7,17,0.08174016904591963,0.9959482924946942,0.0040517075053058075,0.0,68.29086172047278,17.37868222602756
10.0,0.1,0.5,1,strict,economic_3_30m_5,190.0,17.99652777777778,2.4761705786509487,2.4761705786509496,181.35182506063717,183.8279956392881,10.046431784294528,5.094090626992644,0.0,0.0,17,18,0.08036089559332749,0.9915107080841211,0.0136986301369863,0.0,107.24137708957835,26.43206548003978
10.0,0.1,1.0,1,strict,fixed_1,190.0,17.99652777777778,9.938696575410033,9.93869657541003,155.9426318601282,165.88132843553822,41.42810115715745,21.550708006337334,0.0,0.0,112,19,0.19238190227037222,0.9444337256415204,0.11653482539070037,0.9783908933050357,442.22732147002756,106.09134965597069
10.0,0.1,1.0,1,strict,fixed_3,190.0,17.99652777777778,7.566124510918346,7.566124510918348,186.36518808148142,193.93131259239976,20.348932407003822,5.216683385167162,0.0,0.0,17,19,0.07305216804705816,0.9915107080841211,0.0136986301369863,0.0,217.21617988202743,80.76515415657835
10.0,0.1,1.0,1,strict,fixed_5,190.0,17.99652777777778,4.825016846250598,4.825016846250599,191.25027421277125,196.07529105902185,12.897834582619232,3.247800890118012,0.0,0.0,7,18,0.07707403564354309,0.9959482924946942,0.0040517075053058075,0.0,137.67888657503107,51.5049982105327
10.0,0.1,1.0,1,strict,economic_3_30m_5,190.0,17.99652777777778,7.566124510918346,7.566124510918348,186.36518808148142,193.93131259239976,20.348932407003822,5.216683385167162,0.0,0.0,17,19,0.07305216804705816,0.9915107080841211,0.0136986301369863,0.0,217.21617988202743,80.76515415657835
10.0,0.1,2.0,1,strict,fixed_1,190.0,17.99652777777778,32.87007368154115,32.87007368154115,176.74700115359843,209.6170748351396,87.77434353474358,22.034196171660863,0.0,0.0,112,19,0.1136571682144335,0.9444337256415204,0.11653482539070037,0.9783908933050357,936.953704151451,350.8740259556654
10.0,0.1,2.0,1,strict,fixed_3,190.0,17.99652777777778,18.250997465154768,18.250997465154775,196.88899043309357,215.13998789824834,41.765852336397074,5.263857406087631,0.0,0.0,17,19,0.0625216573682349,0.9915107080841211,0.0136986301369863,0.0,445.8326713447872,194.821618605062
10.0,0.1,2.0,1,strict,fixed_5,190.0,17.99652777777778,11.42791723078628,11.42791723078628,197.95701816428422,209.3849353950705,26.216732086614467,3.360897625041927,0.0,0.0,7,19,0.06769732142925167,0.9959482924946942,0.0040517075053058075,0.0,279.85244036119224,121.98814538422714
10.0,0.1,2.0,1,strict,economic_3_30m_5,190.0,17.99652777777778,18.250997465154768,18.250997465154775,196.88899043309357,215.13998789824834,41.765852336397074,5.263857406087631,0.0,0.0,17,19,0.0625216573682349,0.9915107080841211,0.0136986301369863,0.0,445.8326713447872,194.821618605062
10.0,0.5,0.5,1,strict,fixed_1,190.0,17.99652777777778,0.0,0.0,97.7541941474197,97.7541941474197,16.84004209394529,71.85147663959916,55.01143454565379,0.0,112,17,0.48566802526072705,0.9444337256415204,0.11653482539070037,0.9783908933050357,179.76027142536114,0.0
10.0,0.5,0.5,1,strict,fixed_3,190.0,17.99652777777778,0.0,0.0,171.8653046024241,171.8653046024241,9.785593556600455,16.95274252405368,7.167148967453223,0.0,17,13,0.11155466435965633,0.9915107080841211,0.0136986301369863,0.0,104.45704018906342,0.0
10.0,0.5,0.5,1,strict,fixed_5,190.0,17.99652777777778,0.0,0.0,183.98071934407335,183.98071934407335,6.3133535934112475,8.632900815625032,2.3195472222138047,0.0,7,8,0.0902822128507883,0.9959482924946942,0.0040517075053058075,0.0,67.39235859534615,0.0
10.0,0.5,0.5,1,strict,economic_3_30m_5,190.0,17.99652777777778,0.0,0.0,171.8653046024241,171.8653046024241,9.785593556600455,16.95274252405368,7.167148967453223,0.0,17,13,0.11155466435965633,0.9915107080841211,0.0136986301369863,0.0,104.45704018906342,0.0
10.0,0.5,1.0,1,strict,fixed_1,190.0,17.99652777777778,0.0,0.0,113.95493663491983,113.95493663491983,35.72796314694262,72.75454426933513,37.026581122392564,0.0,112,18,0.4039937110194671,0.9444337256415204,0.11653482539070037,0.9783908933050357,381.3807778472748,0.0
10.0,0.5,1.0,1,strict,fixed_3,190.0,17.99652777777778,0.7294280576899876,0.7294280576899878,179.12826219455184,179.85769025224184,19.917061587882422,18.98298945063106,0.5247839781285337,0.0,17,17,0.08683082952604126,0.9915107080841211,0.0136986301369863,0.0,212.60614296924157,7.7863336032141
10.0,0.5,1.0,1,strict,fixed_5,190.0,17.99652777777778,0.083364218983769,0.08336421898376906,186.3117948851724,186.39515910415616,12.697988395845309,12.63723095309099,0.10597099521319508,0.0,7,16,0.087409241223113,0.9959482924946942,0.0040517075053058075,0.0,135.54561371398995,0.889877504348609
10.0,0.5,1.0,1,strict,economic_3_30m_5,190.0,17.99652777777778,0.7294280576899876,0.7294280576899878,179.12826219455184,179.85769025224184,19.917061587882422,18.98298945063106,0.5247839781285337,0.0,17,17,0.08683082952604126,0.9915107080841211,0.0136986301369863,0.0,212.60614296924157,7.7863336032141
10.0,0.5,2.0,1,strict,fixed_1,190.0,17.99652777777778,3.113184805179779,3.1131848051797824,150.2649659313233,153.37815073650307,80.35365086291746,74.12728125255788,0.0,0.0,112,19,0.22240658042693062,0.9444337256415204,0.11653482539070037,0.9783908933050357,857.7409728880737,33.23192082623337
10.0,0.5,2.0,1,strict,fixed_3,190.0,17.99652777777778,10.70110213533662,10.701102135336622,189.4581150622566,200.15921719759322,40.93280407833845,19.530599807665155,0.0,0.0,17,18,0.07228709057033711,0.9915107080841211,0.0136986301369863,0.0,436.94023626988405,114.22970403917519
10.0,0.5,2.0,1,strict,fixed_5,190.0,17.99652777777778,6.34756885293917,6.3475688529391725,192.78698755775326,199.13455641069243,25.846019443841474,13.150881737963147,0.0,0.0,7,17,0.07654290451764179,0.9959482924946942,0.0040517075053058075,0.0,275.8952409127629,67.75759190683767
10.0,0.5,2.0,1,strict,economic_3_30m_5,190.0,17.99652777777778,10.70110213533662,10.701102135336622,189.4581150622566,200.15921719759322,40.93280407833845,19.530599807665155,0.0,0.0,17,18,0.07228709057033711,0.9915107080841211,0.0136986301369863,0.0,436.94023626988405,114.22970403917519
20.0,0.02,0.5,1,strict,fixed_1,190.0,17.99652777777778,0.631022268745703,0.6310222687457037,147.53227771817774,148.16329998692345,20.197588986134548,18.93554444864307,0.0,0.0,112,19,0.23485663891170028,0.9444337256415204,0.11653482539070037,0.9783908933050357,215.60065337311897,6.735893750880744
20.0,0.02,0.5,1,strict,fixed_3,190.0,17.99652777777778,3.165652969300958,3.165652969300958,182.02849821029247,185.19415117959343,10.066665627375865,3.7353596887739617,0.0,0.0,17,19,0.07931067687504811,0.9915107080841211,0.0136986301369863,0.0,107.45736473996476,33.79199611410956
20.0,0.02,0.5,1,strict,fixed_5,190.0,17.99652777777778,2.2918282919671986,2.291828291967198,188.67776261141407,190.96959090338126,6.409441136271605,1.8257845523372012,0.0,0.0,7,19,0.08070722014893639,0.9959482924946942,0.0040517075053058075,0.0,68.41805215886666,24.464290144053116
20.0,0.02,0.5,1,strict,economic_3_30m_5,190.0,17.99652777777778,3.165652969300958,3.165652969300958,182.02849821029247,185.19415117959343,10.066665627375865,3.7353596887739617,0.0,0.0,17,19,0.07931067687504811,0.9915107080841211,0.0136986301369863,0.0,107.45736473996476,33.79199611410956
20.0,0.02,1.0,1,strict,fixed_1,190.0,17.99652777777778,11.088366931458047,11.08836693145805,156.96267782828969,168.05104475974773,41.575349892235394,19.398616029319456,0.0,0.0,112,19,0.18760293284318064,0.9444337256415204,0.11653482539070037,0.9783908933050357,443.79913895343935,118.36359066938167
20.0,0.02,1.0,1,strict,fixed_3,190.0,17.99652777777778,8.306358386807716,8.306358386807714,187.08945306304372,195.39581144985144,20.394073046093098,3.781356272477717,0.0,0.0,17,19,0.07174777568800339,0.9915107080841211,0.0136986301369863,0.0,217.6980369634845,88.66683526318094
20.0,0.02,1.0,1,strict,fixed_5,190.0,17.99652777777778,5.54270090321194,5.542700903211941,191.9790094172365,197.52171032044845,12.924280202250221,1.8388783958263468,0.0,0.0,7,19,0.07575241473732386,0.9959482924946942,0.0040517075053058075,0.0,137.96118229236706,59.16596961175088
20.0,0.02,1.0,1,strict,economic_3_30m_5,190.0,17.99652777777778,8.306358386807716,8.306358386807714,187.08945306304372,195.39581144985144,20.394073046093098,3.781356272477717,0.0,0.0,17,19,0.07174777568800339,0.9915107080841211,0.0136986301369863,0.0,217.6980369634845,88.66683526318094
20.0,0.02,2.0,1,strict,fixed_1,190.0,17.99652777777778,33.838399408672274,33.83839940867227,177.5986198722349,211.43701928090718,88.0366029807654,20.359804163421018,0.0,0.0,112,19,0.11221792657939711,0.9444337256415204,0.11653482539070037,0.9783908933050357,939.7532119518322,361.2104903520242
20.0,0.02,2.0,1,strict,fixed_3,190.0,17.99652777777778,18.989712482936522,18.989712482936522,197.61163943294483,216.60135191588134,41.85511869493039,3.875693729057306,0.0,0.0,17,19,0.06218218953941823,0.9915107080841211,0.0136986301369863,0.0,446.7855516730894,202.70708654876643
20.0,0.02,2.0,1,strict,fixed_5,190.0,17.99652777777778,12.205462329543858,12.205462329543858,198.74496526986195,210.9504275994058,26.276420370733774,1.8654957116459763,0.0,0.0,7,19,0.06638183030064615,0.9959482924946942,0.0040517075053058075,0.0,280.4895873525325,130.2881078913503
20.0,0.02,2.0,1,strict,economic_3_30m_5,190.0,17.99652777777778,18.989712482936522,18.989712482936522,197.61163943294483,216.60135191588134,41.85511869493039,3.875693729057306,0.0,0.0,17,19,0.06218218953941823,0.9915107080841211,0.0136986301369863,0.0,446.7855516730894,202.70708654876643
20.0,0.1,0.5,1,strict,fixed_1,190.0,17.99652777777778,0.0,0.0,138.56063083900057,138.56063083900057,19.56852130159656,29.010274521040312,9.441753219443761,0.0,112,19,0.27997968968817044,0.9444337256415204,0.11653482539070037,0.9783908933050357,208.8856239755304,0.0
20.0,0.1,0.5,1,strict,fixed_3,190.0,17.99652777777778,1.7206802453742422,1.720680245374242,180.6050110761372,182.32569132151144,10.022800472692836,6.581439981944343,0.0,0.0,17,18,0.0821039880266271,0.9915107080841211,0.0136986301369863,0.0,106.98912291087979,18.367528193765075
20.0,0.1,0.5,1,strict,fixed_5,190.0,17.99652777777778,1.3044587106452172,1.3044587106452172,187.6726854155485,188.9771441261937,6.390726961946478,3.781809540656053,0.0,0.0,7,17,0.08263838230636633,0.9959482924946942,0.0040517075053058075,0.0,68.21828632470665,13.924540721490828
20.0,0.1,0.5,1,strict,economic_3_30m_5,190.0,17.99652777777778,1.7206802453742422,1.720680245374242,180.6050110761372,182.32569132151144,10.022800472692836,6.581439981944343,0.0,0.0,17,18,0.0821039880266271,0.9915107080841211,0.0136986301369863,0.0,106.98912291087979,18.367528193765075
20.0,0.1,1.0,1,strict,fixed_1,190.0,17.99652777777778,5.592692645694514,5.5926926456945125,152.0805686609377,157.6732613066322,40.878682085404066,29.693296794014906,0.0,0.0,112,19,0.21253390351812573,0.9444337256415204,0.11653482539070037,0.9783908933050357,436.36250706435766,59.69961015418903
20.0,0.1,1.0,1,strict,fixed_3,190.0,17.99652777777778,6.789852064623103,6.789852064623102,185.5988704576105,192.3887225222336,20.307130826822338,6.727426697576088,0.0,0.0,17,19,0.07449865402350753,0.9915107080841211,0.0136986301369863,0.0,216.76996583116505,72.47877667203313
20.0,0.1,1.0,1,strict,fixed_5,190.0,17.99652777777778,4.495219365085543,4.495219365085543,190.91205526182705,195.4072746269126,12.88499460145366,3.894555871282548,0.0,0.0,7,18,0.07776725524587169,0.9959482924946942,0.0040517075053058075,0.0,137.5418252490235,47.98455067252173
20.0,0.1,1.0,1,strict,economic_3_30m_5,190.0,17.99652777777778,6.789852064623103,6.789852064623102,185.5988704576105,192.3887225222336,20.307130826822338,6.727426697576088,0.0,0.0,17,19,0.07449865402350753,0.9915107080841211,0.0136986301369863,0.0,216.76996583116505,72.47877667203313
20.0,0.1,2.0,1,strict,fixed_1,190.0,17.99652777777778,27.97549932455339,27.97549932455339,172.3683958294519,200.3438951540053,86.59576521846054,30.64476656935397,0.0,0.0,112,19,0.12167222124597654,0.9444337256415204,0.11653482539070037,0.9783908933050357,924.3728829843081,298.6265309663223
20.0,0.1,2.0,1,strict,fixed_3,190.0,17.99652777777778,17.428679648769133,17.428679648769133,196.07692359041266,213.5056032391818,41.67887133337749,6.821512035839236,0.0,0.0,17,19,0.0631749676615283,0.9915107080841211,0.0136986301369863,0.0,444.90418621248017,186.04372642125688
20.0,0.1,2.0,1,strict,fixed_5,190.0,17.99652777777778,11.084829587671937,11.084829587671937,197.605259214603,208.69008880227494,26.19037033090194,4.020711155558007,0.0,0.0,7,19,0.06840118548855334,0.9959482924946942,0.0040517075053058075,0.0,279.5710398554395,118.32583103222824
20.0,0.1,2.0,1,strict,economic_3_30m_5,190.0,17.99652777777778,17.428679648769133,17.428679648769133,196.07692359041266,213.5056032391818,41.67887133337749,6.821512035839236,0.0,0.0,17,19,0.0631749676615283,0.9915107080841211,0.0136986301369863,0.0,444.90418621248017,186.04372642125688
20.0,0.5,0.5,1,strict,fixed_1,190.0,17.99652777777778,0.0,0.0,91.58988602016092,91.58988602016092,16.392116559076026,78.35697503447422,61.964858475398145,0.0,112,17,0.5180992940263132,0.9444337256415204,0.11653482539070037,0.9783908933050357,174.9788572651555,0.0
20.0,0.5,0.5,1,strict,fixed_3,190.0,17.99652777777778,0.0,0.0,170.40668603307466,170.40668603307466,9.747629666118973,18.39380513951356,8.646175473394576,0.0,17,13,0.11907172813817779,0.9915107080841211,0.0136986301369863,0.0,104.05179183996532,0.0
20.0,0.5,0.5,1,strict,fixed_5,190.0,17.99652777777778,0.0,0.0,183.32420018976862,183.32420018976862,6.301662769887966,9.26359560802635,2.9619328381383827,0.0,7,8,0.09166093508516504,0.9959482924946942,0.0040517075053058075,0.0,67.26756403735116,0.0
20.0,0.5,0.5,1,strict,economic_3_30m_5,190.0,17.99652777777778,0.0,0.0,170.40668603307466,170.40668603307466,9.747629666118973,18.39380513951356,8.646175473394576,0.0,17,13,0.11907172813817779,0.9915107080841211,0.0136986301369863,0.0,104.05179183996532,0.0
20.0,0.5,1.0,1,strict,fixed_1,190.0,17.99652777777778,0.0,0.0,106.95523067882533,106.95523067882533,34.76189133423839,79.63611842368933,44.87422708945098,0.0,112,18,0.4395786118078876,0.9444337256415204,0.11653482539070037,0.9783908933050357,371.0683730267108,0.0
20.0,0.5,1.0,1,strict,fixed_3,190.0,17.99652777777778,0.4667048931543431,0.4667048931543429,177.87395760072565,178.34066249388,19.85795123302391,20.457519285825146,1.5329778391099338,0.0,17,17,0.0886613608584158,0.9915107080841211,0.0136986301369863,0.0,211.97516512642278,4.981875805353996
20.0,0.5,1.0,1,strict,fixed_5,190.0,17.99652777777778,0.0,0.0,185.7230142411981,185.7230142411981,12.67466584687425,13.272358800515635,0.5976929536413738,0.0,7,16,0.0888012950155338,0.9959482924946942,0.0040517075053058075,0.0,135.2966554447659,0.0
20.0,0.5,1.0,1,strict,economic_3_30m_5,190.0,17.99652777777778,0.4667048931543431,0.4667048931543429,177.87395760072565,178.34066249388,19.85795123302391,20.457519285825146,1.5329778391099338,0.0,17,17,0.0886613608584158,0.9915107080841211,0.0136986301369863,0.0,211.97516512642278,4.981875805353996
20.0,0.5,2.0,1,strict,fixed_1,190.0,17.99652777777778,0.0,0.0,144.56607751765011,144.56607751765011,78.52593376882089,81.90600474178264,3.380070972961575,0.0,112,19,0.2535845260762799,0.9444337256415204,0.11653482539070037,0.9783908933050357,838.2308719577619,0.0
20.0,0.5,2.0,1,strict,fixed_3,190.0,17.99652777777778,9.894700768957355,9.894700768957357,188.66205330095312,198.55675406991048,40.84446247654682,21.05506093863217,0.0,0.0,17,18,0.07396499919213251,0.9915107080841211,0.0136986301369863,0.0,435.9972273256295,105.62171317493396
20.0,0.5,2.0,1,strict,fixed_5,190.0,17.99652777777778,6.009410616497712,6.009410616497711,192.44058675691707,198.4499973734148,25.819539616456492,13.800718383461094,0.0,0.0,7,17,0.07724365288417057,0.9959482924946942,0.0040517075053058075,0.0,275.61258004223384,64.14789686995334
20.0,0.5,2.0,1,strict,economic_3_30m_5,190.0,17.99652777777778,9.894700768957355,9.894700768957357,188.66205330095312,198.55675406991048,40.84446247654682,21.05506093863217,0.0,0.0,17,18,0.07396499919213251,0.9915107080841211,0.0136986301369863,0.0,435.9972273256295,105.62171317493396
10.0,0.1,1.0,3,strict,fixed_1,190.0,17.99652777777778,10.144372808258568,10.14437280825857,168.42894570370868,178.57331851196724,40.510301067191044,20.221555450673893,0.0,0.0,104,19,0.13646914104122965,0.9097048041674706,0.10669496430638627,0.9398032027783138,432.4301967142706,108.2868557738498
10.0,0.1,1.0,3,strict,fixed_3,190.0,17.99652777777778,7.413612877386923,7.413612877386923,186.32494542160455,193.73855829899148,20.213093368361577,5.385867613587708,0.0,0.0,18,19,0.08278539464890655,0.984179046884044,0.013119814779085472,0.0,215.76615604477885,79.13715747544231
10.0,0.1,1.0,3,strict,fixed_5,190.0,17.99652777777778,4.779232520756245,4.779232520756244,192.1296370547807,196.90886957553693,12.806151124043986,3.2476860825315406,0.0,0.0,7,18,0.07944271424316973,0.9934400926104573,0.006174030484275516,0.0,136.70020473404995,51.01627005106741
10.0,0.1,1.0,3,strict,economic_3_30m_5,190.0,17.99652777777778,7.413612877386923,7.413612877386923,186.32494542160455,193.73855829899148,20.213093368361577,5.385867613587708,0.0,0.0,18,19,0.08278539464890655,0.984179046884044,0.013119814779085472,0.0,215.76615604477885,79.13715747544231
10.0,0.1,1.0,1,close,fixed_1,190.0,17.99652777777778,13.760095769061431,13.76009576906143,159.36391175400527,173.1240075230667,49.161431920456245,21.64124038233352,0.0,0.0,112,19,0.17530700298810997,0.9444337256415204,0.11653482539070037,0.9783908933050357,524.7773311004966,146.88315720866166
10.0,0.1,1.0,1,close,fixed_3,190.0,17.99652777777778,7.845433106521729,7.845433106521731,186.63907876019283,194.48451186671457,20.909257627536267,5.2183914144928405,0.0,0.0,17,19,0.07204786239597494,0.9915107080841211,0.0136986301369863,0.0,223.1974127772589,83.74665436168488
10.0,0.1,1.0,1,close,fixed_5,190.0,17.99652777777778,4.856270296122123,4.856270296122123,191.2820546109278,196.1383249070499,12.96042112419929,3.2478805319550395,0.0,0.0,7,18,0.07697841823351148,0.9959482924946942,0.0040517075053058075,0.0,138.3469712294068,51.83861546638886
10.0,0.1,1.0,1,close,economic_3_30m_5,190.0,17.99652777777778,7.845433106521729,7.845433106521731,186.63907876019283,194.48451186671457,20.909257627536267,5.2183914144928405,0.0,0.0,17,19,0.07204786239597494,0.9915107080841211,0.0136986301369863,0.0,223.1974127772589,83.74665436168488
5.0,0.02,0.5,1,strict,fixed_1,10000.0,17.99652777777778,431.57405580385466,431.57405580385466,8117.246321814824,8548.820377618678,1085.1224478075492,221.97433619984392,0.0,0.0,112,19,0.1999739646219505,0.9444337256415204,0.11653482539070037,0.9783908933050357,220.0811725130804,87.53051272641558
5.0,0.02,0.5,1,strict,fixed_3,10000.0,17.99652777777778,245.48777121393044,245.4877712139305,9658.18122654024,9903.66899775417,531.2866019174817,40.31105948962064,0.0,0.0,17,19,0.07641273508886381,0.9915107080841211,0.0136986301369863,0.0,107.75390236072867,49.78906909127603
5.0,0.02,0.5,1,strict,fixed_5,10000.0,17.99652777777778,160.16919870015136,160.16919870015136,9970.847305081274,10131.016503781426,337.8319096468663,17.493512246563032,0.0,0.0,7,19,0.07914885939478644,0.9959482924946942,0.0040517075053058075,0.0,68.5180211114771,32.485020581439144
5.0,0.02,0.5,1,strict,vol_3,10000.0,17.99652777777778,259.8390871786026,259.83908717860265,9692.582420545186,9952.42150772379,599.77513293831,80.09695858110575,0.0,0.0,73,19,0.06471139280592064,0.9812849700945399,0.018522091452826548,0.10611614894848544,121.64453400438963,52.69975852636448
5.0,0.02,1.0,1,strict,fixed_1,10000.0,17.99652777777778,1002.0797718464271,1002.0797718464271,8633.684674123995,9635.764445970422,2232.274457045612,228.11491335275983,0.0,0.0,112,19,0.1508074978357311,0.9444337256415204,0.11653482539070037,0.9783908933050357,452.7429884712227,203.23871428997955
5.0,0.02,1.0,1,strict,fixed_3,10000.0,17.99652777777778,517.6879048259018,517.6879048259018,9926.213067994599,10443.9009728205,1076.2947652326413,40.91895558084006,0.0,0.0,17,19,0.06920193759202231,0.9915107080841211,0.0136986301369863,0.0,218.2907692866202,104.99585675342233
5.0,0.02,1.0,1,strict,fixed_5,10000.0,17.99652777777778,331.7720538891165,331.7720538891165,10145.114512479628,10476.886566368745,681.2102972105247,17.666189432290988,0.0,0.0,7,19,0.07422502772860617,0.9959482924946942,0.0040517075053058075,0.0,138.16096168776838,67.28897994370813
5.0,0.02,1.0,1,strict,vol_3,10000.0,17.99652777777778,567.6771846113381,567.6771846113381,9995.289194273037,10562.966378884375,1216.9395649520966,81.58519572941594,0.0,0.0,73,19,0.05674097340598139,0.9812849700945399,0.018522091452826548,0.10611614894848544,246.81591176493225,115.13452758314463
5.0,0.02,2.0,1,strict,fixed_1,10000.0,17.99652777777778,2242.6021720400477,2242.6021720400477,9760.241625994457,12002.843798034504,4726.275939602686,241.07159552258707,0.0,0.0,112,19,0.09803707758449332,0.9444337256415204,0.11653482539070037,0.9783908933050357,958.5686412715306,454.83762362502375
5.0,0.02,2.0,1,strict,fixed_3,10000.0,17.99652777777778,1083.3232718018623,1083.3232718018623,10483.350218844245,11566.673490646108,2208.810967760652,42.16442415692726,0.0,0.0,17,19,0.0609619686895887,0.9915107080841211,0.0136986301369863,0.0,447.98419627821676,219.71626921051853
5.0,0.02,2.0,1,strict,fixed_5,10000.0,17.99652777777778,683.4657078062498,683.4657078062501,10502.25869271509,11185.72440052134,1384.9484837152054,18.017068102707213,0.0,0.0,7,19,0.06484549035489118,0.9959482924946942,0.0040517075053058075,0.0,280.8909600774501,138.61839707619717
5.0,0.02,2.0,1,strict,vol_3,10000.0,17.99652777777778,1210.3388808400682,1210.3388808400682,10627.431260209622,11837.77014104969,2505.327884753641,84.65012307349691,0.0,0.0,73,19,0.04749180315433554,0.9812849700945399,0.018522091452826548,0.10611614894848544,508.1228385979215,245.4771814661547
5.0,0.1,0.5,1,strict,fixed_1,10000.0,17.99652777777778,426.1558767340772,426.15587673407725,8112.4337863636765,8538.589663097753,1084.780486589385,232.46873312123083,0.0,0.0,112,19,0.20044181824614415,0.9444337256415204,0.11653482539070037,0.9783908933050357,220.01181699841047,86.4316144362072
5.0,0.1,0.5,1,strict,fixed_3,10000.0,17.99652777777778,243.98801538488215,243.98801538488215,9656.707263848584,9900.695279233467,531.2436323788165,43.26760160905209,0.0,0.0,17,19,0.07646188403301857,0.9915107080841211,0.0136986301369863,0.0,107.74518741204166,49.48489326115919
5.0,0.1,0.5,1,strict,fixed_5,10000.0,17.99652777777778,159.07924589834585,159.07924589834587,9969.738733028493,10128.817978926838,337.81082954266583,19.652337745974215,0.0,0.0,7,19,0.07918709348203634,0.9959482924946942,0.0040517075053058075,0.0,68.5137457100618,32.2639597314955
5.0,0.1,0.5,1,strict,vol_3,10000.0,17.99652777777778,256.07542988930777,256.0754298893078,9688.865069254058,9944.940499143366,599.6712751620297,87.52041538341263,0.0,0.0,73,19,0.06478407625610783,0.9812849700945399,0.018522091452826548,0.10611614894848544,121.6234698920173,51.936425216986365
5.0,0.1,1.0,1,strict,fixed_1,10000.0,17.99652777777778,996.4847021973937,996.4847021973937,8628.706569107257,9625.191271304651,2231.577404024352,238.60799962956116,0.0,0.0,112,19,0.15129021491935235,0.9444337256415204,0.11653482539070037,0.9783908933050357,452.60161433733333,202.10393960059815
5.0,0.1,1.0,1,strict,fixed_3,10000.0,17.99652777777778,516.166323519881,516.166323519881,9924.717462538036,10440.883786057917,1076.2081132059097,43.875466166148584,0.0,0.0,17,19,0.06925114026064516,0.9915107080841211,0.0136986301369863,0.0,218.2731947910577,104.68725434769415
5.0,0.1,1.0,1,strict,fixed_5,10000.0,17.99652777777778,330.6714466429747,330.6714466429747,10143.995128407041,10474.666575050016,681.167900745309,19.825007459360112,0.0,0.0,7,19,0.07426330904318379,0.9959482924946942,0.0040517075053058075,0.0,138.15236296806268,67.06575819237796
5.0,0.1,1.0,1,strict,vol_3,10000.0,17.99652777777778,563.860870084646,563.8608700846461,9991.519617258062,10555.380487342707,1216.730238766551,89.0084985972579,0.0,0.0,73,19,0.05681372701960463,0.9812849700945399,0.018522091452826548,0.10611614894848544,246.77345687659627,114.36051449604088
5.0,0.1,2.0,1,strict,fixed_1,10000.0,17.99652777777778,2236.632640678455,2236.632640678455,9754.91263961495,11991.545280293405,4724.827234014238,251.56195265731873,0.0,0.0,112,19,0.09821657443607335,0.9444337256415204,0.11653482539070037,0.9783908933050357,958.2748192930285,453.6269017714049
5.0,0.1,2.0,1,strict,fixed_3,10000.0,17.99652777777778,1081.7569462691347,1081.7569462691345,10481.810239922532,11563.567186191667,2208.6347631072235,45.12087056895236,0.0,0.0,17,19,0.06098075107174894,0.9915107080841211,0.0136986301369863,0.0,447.94845899639455,219.39859191937379
5.0,0.1,2.0,1,strict,fixed_5,10000.0,17.99652777777778,682.3434319614224,682.3434319614224,10501.117320768948,11183.46075273037,1384.8627349180028,20.17587099515591,0.0,0.0,7,19,0.06488384458316399,0.9959482924946942,0.0040517075053058075,0.0,280.873568772102,138.3907805668237
5.0,0.1,2.0,1,strict,vol_3,10000.0,17.99652777777778,1206.4147859078387,1206.414785907839,10623.55477886234,11829.96956477018,2504.9026844400373,92.07311262436082,0.0,0.0,73,19,0.04752591709257159,0.9812849700945399,0.018522091452826548,0.10611614894848544,508.03660078783855,244.6813086911673
5.0,0.5,0.5,1,strict,fixed_1,10000.0,17.99652777777778,399.0649739433054,399.0649739433054,8088.371102037332,8487.436075980637,1083.0706655721403,284.940717685527,0.0,0.0,112,19,0.20278119929915772,0.9444337256415204,0.11653482539070037,0.9783908933050357,219.66503639772984,80.93712147582532
5.0,0.5,0.5,1,strict,fixed_3,10000.0,17.99652777777778,236.48923614375084,236.48923614375084,9649.337450295,9885.82668643875,531.028784493611,58.05031220610699,0.0,0.0,17,19,0.0767076464651203,0.9915107080841211,0.0136986301369863,0.0,107.70161262969012,47.96401409112693
5.0,0.5,0.5,1,strict,fixed_5,10000.0,17.99652777777778,153.62948186803712,153.62948186803712,9964.195872743036,10117.825354611072,337.70542897909235,30.446465243018377,0.0,0.0,7,19,0.07937827769778694,0.9959482924946942,0.0040517075053058075,0.0,68.49236869435111,31.15865547746105
5.0,0.5,0.5,1,strict,vol_3,10000.0,17.99652777777778,237.25714249998413,237.25714249998407,9670.278311858014,9907.535454357998,599.1519843931213,124.63769939315125,0.0,0.0,73,19,0.06514751969957533,0.9812849700945399,0.018522091452826548,0.10611614894848544,121.51814894733728,48.11975847887002
5.0,0.5,1.0,1,strict,fixed_1,10000.0,17.99652777777778,968.5093381905908,968.5093381905907,8603.816029037087,9572.325367227677,2228.092107305697,291.0734309245151,0.0,0.0,112,19,0.15370391756831314,0.9444337256415204,0.11653482539070037,0.9783908933050357,451.8947372563667,196.4300629569649
5.0,0.5,1.0,1,strict,fixed_3,10000.0,17.99652777777778,508.5584167931954,508.5584167931954,9917.239435059897,10425.797851853093,1075.7748526788748,58.65801909248264,0.0,0.0,17,19,0.06949717132627375,0.9915107080841211,0.0136986301369863,0.0,218.1853222334619,103.1442422791833
5.0,0.5,1.0,1,strict,fixed_5,10000.0,17.99652777777778,325.16841036898086,325.16841036898086,10138.398208000248,10463.566618369228,680.955918332643,30.619097594681886,0.0,0.0,7,19,0.07445472940860753,0.9959482924946942,0.0040517075053058075,0.0,138.10936935197267,65.94964942694823
5.0,0.5,1.0,1,strict,vol_3,10000.0,17.99652777777778,544.779295522794,544.7792955227939,9972.671730259972,10517.451025782766,1215.6836039784007,126.1250129328111,0.0,0.0,73,19,0.057177521293757305,0.9812849700945399,0.018522091452826548,0.10611614894848544,246.56118165195733,110.49044866941173
5.0,0.5,2.0,1,strict,fixed_1,10000.0,17.99652777777778,2206.7849485061365,2206.7849485061365,9728.2676740444,11935.052622550536,4717.583635148942,304.0137381366674,0.0,0.0,112,19,0.09911436269916774,0.9444337256415204,0.11653482539070037,0.9783908933050357,956.8056950161235,447.573285330822
5.0,0.5,2.0,1,strict,fixed_3,10000.0,17.99652777777778,1073.9253181923584,1073.9253181923582,10474.11034490329,11548.035663095648,2207.753739013356,59.9031026286447,0.0,0.0,17,19,0.06107468786855097,0.9915107080841211,0.0136986301369863,0.0,447.7697724196102,217.8102053798586
5.0,0.5,2.0,1,strict,fixed_5,10000.0,17.99652777777778,676.73205264775,676.7320526477499,10495.41046094763,11172.142513595381,1384.4339907528497,30.96988545735042,0.0,0.0,7,19,0.06507562953538326,0.9959482924946942,0.0040517075053058075,0.0,280.78661220902865,137.2526980017972
5.0,0.5,2.0,1,strict,vol_3,10000.0,17.99652777777778,1186.794307212875,1186.794307212875,10604.172368102456,11790.96667531533,2502.776674796852,129.18806037109468,0.0,0.0,73,19,0.04769654018605285,0.9812849700945399,0.018522091452826548,0.10611614894848544,507.6054100996432,240.70194399810424
10.0,0.02,0.5,1,strict,fixed_1,10000.0,17.99652777777778,319.7271951128137,319.7271951128137,8017.8915650999625,8337.618760212776,1078.0706251677173,438.61623494208715,0.0,0.0,112,19,0.2098436770901555,0.9444337256415204,0.11653482539070037,0.9783908933050357,218.65094369598773,64.84607900879602
10.0,0.02,0.5,1,strict,fixed_3,10000.0,17.99652777777778,225.47006634970697,225.47006634970705,9638.422513107073,9863.89257945678,530.7452752648345,79.80514256542152,0.0,0.0,17,19,0.07705032304982762,0.9915107080841211,0.0136986301369863,0.0,107.64411216638896,45.72914021740535
10.0,0.02,0.5,1,strict,fixed_5,10000.0,17.99652777777778,151.6156770791832,151.6156770791832,9962.074288203927,10113.68996528311,337.66479873616305,34.43344457779693,0.0,0.0,7,19,0.0794931077015395,0.9959482924946942,0.0040517075053058075,0.0,68.48412819437674,30.7502218301442
10.0,0.02,0.5,1,strict,vol_3,10000.0,17.99652777777778,220.3762365722793,220.3762365722793,9653.517834136856,9873.894070709135,598.7659515255845,158.01347838102515,0.0,0.0,73,19,0.06526878214175769,0.9812849700945399,0.018522091452826548,0.10611614894848544,121.43985495730163,44.69602544564538
10.0,0.02,1.0,1,strict,fixed_1,10000.0,17.99652777777778,883.4169394337766,883.4169394337766,8527.971140654477,9411.388080088254,2217.626658771842,450.7927799042842,0.0,0.0,112,19,0.16128465155725036,0.9444337256415204,0.11653482539070037,0.9783908933050357,449.77216741288055,179.17188630769553
10.0,0.02,1.0,1,strict,fixed_3,10000.0,17.99652777777778,497.0856512735412,497.0856512735412,9905.873609703312,10402.959260976853,1075.1905549450855,81.01925239800305,0.0,0.0,17,19,0.06984567370621775,0.9915107080841211,0.0136986301369863,0.0,218.0668167775948,100.81737152590131
10.0,0.02,1.0,1,strict,fixed_5,10000.0,17.99652777777778,323.0465359852963,323.04653598529626,10136.166242914584,10459.21277889988,680.8716219419134,34.77854997132285,0.0,0.0,7,19,0.07457201320292595,0.9959482924946942,0.0040517075053058075,0.0,138.09227261920495,65.51929743927136
10.0,0.02,1.0,1,strict,vol_3,10000.0,17.99652777777778,526.9468283864264,526.9468283864263,9954.965299042415,10481.91212742884,1214.875830655956,160.98217388310084,0.0,0.0,73,19,0.05730367965256877,0.9812849700945399,0.018522091452826548,0.10611614894848544,246.39735156965867,106.87372294034563
10.0,0.02,2.0,1,strict,fixed_1,10000.0,17.99652777777778,2109.0932341055754,2109.093234105575,9640.653598683017,11749.746832788593,4694.670265171892,476.4837969607395,0.0,0.0,112,19,0.10208564694060585,0.9444337256415204,0.11653482539070037,0.9783908933050357,952.1584763165529,427.7597545228209
10.0,0.02,2.0,1,strict,fixed_3,10000.0,17.99652777777778,1061.503528976572,1061.5035289765722,10461.801072918108,11523.30460189468,2206.513779937183,83.50672198403872,0.0,0.0,17,19,0.0612881001247193,0.9915107080841211,0.0136986301369863,0.0,447.5182877619075,215.29085658116387
10.0,0.02,2.0,1,strict,fixed_5,10000.0,17.99652777777778,674.386588888173,674.386588888173,10492.950175754568,11167.336764642741,1384.2529762381514,35.4797984618019,0.0,0.0,7,19,0.06519779721657892,0.9959482924946942,0.0040517075053058075,0.0,280.7498994060476,136.77699830971397
10.0,0.02,2.0,1,strict,vol_3,10000.0,17.99652777777778,1166.9585057852357,1166.9585057852355,10584.474218070358,11751.432723855594,2501.0129366417273,167.09592507126004,0.0,0.0,73,19,0.04770297519091726,0.9812849700945399,0.018522091452826548,0.10611614894848544,507.2476941921249,236.6789082155971
10.0,0.1,0.5,1,strict,fixed_1,10000.0,17.99652777777778,314.34228928085577,314.34228928085577,8013.109771349438,8327.452060630294,1077.7301755684969,449.04559700678584,0.0,0.0,112,19,0.21030854132001964,0.9444337256415204,0.11653482539070037,0.9783908933050357,218.5818947631881,63.75392909358201
10.0,0.1,0.5,1,strict,fixed_3,10000.0,17.99652777777778,223.97205560989943,223.97205560989937,9636.950285350445,9860.922340960346,530.7023434762131,82.75823225641277,0.0,0.0,17,19,0.07709945625676629,0.9915107080841211,0.0136986301369863,0.0,107.63540487404885,45.425318320881004
10.0,0.1,0.5,1,strict,fixed_5,10000.0,17.99652777777778,150.52631570880558,150.52631570880558,9960.966321751739,10111.492637460544,337.6437279609685,36.59109654335688,0.0,0.0,7,19,0.07953133426568415,0.9959482924946942,0.0040517075053058075,0.0,68.47985468504149,30.529280932490146
10.0,0.1,0.5,1,strict,vol_3,10000.0,17.99652777777778,216.62090307879586,216.62090307879583,9649.808775678892,9866.429678757688,598.6622479956094,165.4204418380177,0.0,0.0,73,19,0.06534145080626519,0.9812849700945399,0.018522091452826548,0.10611614894848544,121.41882212868697,43.93438034274169
10.0,0.1,1.0,1,strict,fixed_1,10000.0,17.99652777777778,877.8565890154688,877.8565890154687,8523.025148597428,9400.881737612897,2216.932715815842,461.21953778490473,0.0,0.0,112,19,0.16176425551240203,0.9444337256415204,0.11653482539070037,0.9783908933050357,449.6314240527905,178.04415326510914
10.0,0.1,1.0,1,strict,fixed_3,10000.0,17.99652777777778,495.5658501600945,495.56585016009456,9904.379774143908,10399.945624304002,1075.1039794192345,83.97227909904566,0.0,0.0,17,19,0.06989486057452987,0.9915107080841211,0.0136986301369863,0.0,218.0492577977039,100.50913017331494
10.0,0.1,1.0,1,strict,fixed_5,10000.0,17.99652777777778,321.9465286517861,321.94652865178614,10135.047473055361,10456.994001707148,680.8292443060654,36.93618700249322,0.0,0.0,7,19,0.07461028696716321,0.9959482924946942,0.0040517075053058075,0.0,138.08367771841327,65.29619736036224
10.0,0.1,1.0,1,strict,vol_3,10000.0,17.99652777777778,523.138993332424,523.138993332424,9951.204170052819,10474.343163385243,1214.6668168375272,168.38883017267878,0.0,0.0,73,19,0.05737641843989727,0.9812849700945399,0.018522091452826548,0.10611614894848544,246.35496003465343,106.10142963361837
10.0,0.1,2.0,1,strict,fixed_1,10000.0,17.99652777777778,2103.161505179926,2103.161505179926,9635.359651660972,11738.521156840898,4693.228142814731,486.90513245488086,0.0,0.0,112,19,0.10226491100775015,0.9444337256415204,0.11653482539070037,0.9783908933050357,951.8659895286214,426.5566996421258
10.0,0.1,2.0,1,strict,fixed_3,10000.0,17.99652777777778,1059.9390559376322,1059.9390559376325,10460.262935906885,11520.201991844517,2206.3377323739523,86.45962049869884,0.0,0.0,17,19,0.06130688804335693,0.9915107080841211,0.0136986301369863,0.0,447.48258234063263,214.97355500706905
10.0,0.1,2.0,1,strict,fixed_5,10000.0,17.99652777777778,673.2649302752932,673.2649302752934,10491.80943560828,11165.074365883573,1384.1672657952615,37.63740524467316,0.0,0.0,7,19,0.06523614384418142,0.9959482924946942,0.0040517075053058075,0.0,280.7325158796023,136.54950698541157
10.0,0.1,2.0,1,strict,vol_3,10000.0,17.99652777777778,1163.0432103535593,1163.043210353559,10580.606503791512,11743.64971414507,2500.5883768684716,174.50195616135687,0.0,0.0,73,19,0.047737101837353135,0.9812849700945399,0.018522091452826548,0.10611614894848544,507.16158629445056,235.8848201280458
10.0,0.5,0.5,1,strict,fixed_1,10000.0,17.99652777777778,287.41775277350115,287.41775277350115,7989.200795616551,8276.618548390052,1076.0279127928939,501.1924072458898,0.0,0.0,112,19,0.2126329746617781,0.9444337256415204,0.11653482539070037,0.9783908933050357,218.23664710165735,58.293178027301636
10.0,0.5,0.5,1,strict,fixed_3,10000.0,17.99652777777778,216.4820018152127,216.48200181521275,9629.589146472246,9846.07114828746,530.48768434159,97.52368071116472,0.0,0.0,17,19,0.0773451399947126,0.9915107080841211,0.0136986301369863,0.0,107.59186837350558,43.90620881886004
10.0,0.5,0.5,1,strict,fixed_5,10000.0,17.99652777777778,145.0795088356632,145.0795088356632,9955.426489469308,10100.50599830497,337.53837404245974,47.37935637113325,0.0,0.0,7,19,0.07972248086138611,0.9959482924946942,0.0040517075053058075,0.0,68.4584871297383,29.42457643990916
10.0,0.5,0.5,1,strict,vol_3,10000.0,17.99652777777778,197.8442346727042,197.84423467270426,9631.263482452878,9829.107717125582,598.1437284648102,202.4552591194023,0.0,0.0,73,19,0.06570482031244818,0.9812849700945399,0.018522091452826548,0.10611614894848544,121.31365760413051,40.12615463784423
10.0,0.5,1.0,1,strict,fixed_1,10000.0,17.99652777777778,850.0548213632353,850.0548213632351,8498.295173518523,9348.349994881759,2213.4629697382466,513.3533270117717,0.0,0.0,112,19,0.16416239173983171,0.9444337256415204,0.11653482539070037,0.9783908933050357,448.9277009046584,172.40548489620545
10.0,0.5,1.0,1,strict,fixed_3,10000.0,17.99652777777778,487.9668443967748,487.96684439677495,9896.910596151996,10384.877440548771,1074.6711013973904,98.73741260384224,0.0,0.0,17,19,0.07014081263051042,0.9915107080841211,0.0136986301369863,0.0,217.96146281862565,98.96792337061346
10.0,0.5,1.0,1,strict,fixed_5,10000.0,17.99652777777778,316.4464919410055,316.44649194100555,10129.453623715533,10445.90011565654,680.6173560403089,47.72437215829747,0.0,0.0,7,19,0.07480166957635415,0.9959482924946942,0.0040517075053058075,0.0,138.0407031969077,64.18069695704901
10.0,0.5,1.0,1,strict,vol_3,10000.0,17.99652777777778,504.0998161425854,504.09981614258527,9932.398523190055,10436.49833933264,1213.6217438984452,205.422111613282,0.0,0.0,73,19,0.05774013857367499,0.9812849700945399,0.018522091452826548,0.10611614894848544,246.14300157940295,102.23996271060886
10.0,0.5,2.0,1,strict,fixed_1,10000.0,17.99652777777778,2073.5028256432747,2073.502825643275,9608.889883315744,11682.392708959018,4686.017460827632,539.0118095410887,0.0,0.0,112,19,0.10316153506554793,0.9444337256415204,0.11653482539070037,0.9783908933050357,950.4035413509563,420.54141815863596
10.0,0.5,2.0,1,strict,fixed_3,10000.0,17.99652777777778,1052.1166903308413,1052.1166903308415,10452.572250441117,11504.688940771957,2205.4574937328243,101.22411307113482,0.0,0.0,17,19,0.06140085253264527,0.9915107080841211,0.0136986301369863,0.0,447.304055066939,213.3870470530157
10.0,0.5,2.0,1,strict,fixed_5,10000.0,17.99652777777778,667.6566371214741,667.6566371214742,10486.105734786357,11153.762371907831,1383.7387134018804,48.42543915893156,0.0,0.0,7,19,0.0654278907885012,0.9959482924946942,0.0040517075053058075,0.0,280.6455982110856,135.41205034576376
10.0,0.5,2.0,1,strict,vol_3,10000.0,17.99652777777778,1143.4667291793871,1143.4667291793871,10561.267928391753,11704.73465757114,2498.4655699555,211.53211159672534,0.0,0.0,73,19,0.04790778849888666,0.9812849700945399,0.018522091452826548,0.10611614894848544,506.7310451740732,231.91437887581932
20.0,0.02,0.5,1,strict,fixed_1,10000.0,17.99652777777778,100.05861861915372,100.05861861915375,7823.179457478128,7923.238076097282,1063.985837550785,863.8686003124778,0.0,0.0,112,19,0.22918438924290963,0.9444337256415204,0.11653482539070037,0.9783908933050357,215.79431071452538,20.293578987546667
20.0,0.02,0.5,1,strict,fixed_3,10000.0,17.99652777777778,185.54775018803042,185.54775018803042,9599.037475000692,9784.585225188723,529.6597296291768,158.56422925311634,0.0,0.0,17,19,0.0786362116421323,0.9915107080841211,0.0136986301369863,0.0,107.4239451642274,37.63221975644561
20.0,0.02,0.5,1,strict,fixed_5,10000.0,17.99652777777778,134.52910553061574,134.52910553061574,9944.549236604085,10079.0783421347,337.3308144732891,68.27260341205793,0.0,0.0,7,19,0.08021817033829626,0.9959482924946942,0.0040517075053058075,0.0,68.41639054106145,27.28477633296995
20.0,0.02,0.5,1,strict,vol_3,10000.0,17.99652777777778,141.93163952684546,141.93163952684546,9575.891758839043,9717.823398365888,596.746865776515,312.8835867228246,0.0,0.0,73,19,0.06638333729767854,0.9812849700945399,0.018522091452826548,0.10611614894848544,121.03035024199743,28.78613534065598
20.0,0.02,1.0,1,strict,fixed_1,10000.0,17.99652777777778,650.4080239541921,650.4080239541922,8320.539753854828,8970.94777780902,2188.7173416486075,887.9012937402189,0.0,0.0,112,19,0.18184111717424167,0.9444337256415204,0.11653482539070037,0.9783908933050357,443.90886929211194,131.91374006958262
20.0,0.02,1.0,1,strict,fixed_3,10000.0,17.99652777777778,456.00108659783575,456.00108659783564,9865.314304293386,10321.315390891223,1072.9866212269628,160.98444803129388,0.0,0.0,17,19,0.0711328822175098,0.9915107080841211,0.0136986301369863,0.0,217.61982176997554,92.48472742265965
20.0,0.02,1.0,1,strict,fixed_5,10000.0,17.99652777777778,305.6164687529281,305.61646875292803,10118.291191645345,10423.907660398272,680.1947568014793,68.9618192956225,0.0,0.0,7,19,0.07526621068045869,0.9959482924946942,0.0040517075053058075,0.0,137.95499292875073,61.984185211861465
20.0,0.02,1.0,1,strict,vol_3,10000.0,17.99652777777778,445.98435069431974,445.9843506943198,9874.81429012478,10320.7986408191,1210.7656343179358,318.7969329292955,0.0,0.0,73,19,0.058428862528367764,0.9812849700945399,0.018522091452826548,0.10611614894848544,245.56373428420108,90.45316408448174
20.0,0.02,2.0,1,strict,fixed_1,10000.0,17.99652777777778,1846.9465693086759,1846.9465693086765,9405.999025631412,11252.945594940087,4632.300156024851,938.4070174074932,0.0,0.0,112,19,0.11012754836422933,0.9444337256415204,0.11653482539070037,0.9783908933050357,939.5087640388431,374.59198025415395
20.0,0.02,2.0,1,strict,fixed_3,10000.0,17.99652777777778,1017.9916392497,1017.9916392497003,10418.830026067095,11436.821665316795,2201.928826703757,165.94554820434666,0.0,0.0,17,19,0.06194066603043824,0.9915107080841211,0.0136986301369863,0.0,446.5883817540014,206.46590993233352
20.0,0.02,2.0,1,strict,fixed_5,10000.0,17.99652777777778,656.2503456334792,656.2503456334792,10474.355673763512,11130.606019396992,1382.8629742187454,70.36228295178805,0.0,0.0,7,19,0.06590263326869084,0.9959482924946942,0.0040517075053058075,0.0,280.4679835035202,133.09866164960704
20.0,0.02,2.0,1,strict,vol_3,10000.0,17.99652777777778,1080.7295330445731,1080.7295330445731,10499.09039604117,11579.819929085745,2492.419388058604,330.9603219694588,0.0,0.0,73,19,0.04812553813134979,0.9812849700945399,0.018522091452826548,0.10611614894848544,505.50477729639294,219.19021515270217
20.0,0.1,0.5,1,strict,fixed_1,10000.0,17.99652777777778,94.73690592195668,94.73690592195663,7818.47626484713,7913.213170769086,1063.635014399191,874.1612025552766,0.0,0.0,112,19,0.22964158605632223,0.9444337256415204,0.11653482539070037,0.9783908933050357,215.72315784997676,19.214245708115154
20.0,0.1,0.5,1,strict,fixed_3,10000.0,17.99652777777778,184.05300122813668,184.05300122813665,9597.569845171567,9781.622846399703,529.6165218256928,161.51051936941758,0.0,0.0,17,19,0.07868925220880163,0.9915107080841211,0.0136986301369863,0.0,107.41518189140811,37.329059404016455
20.0,0.1,0.5,1,strict,fixed_5,10000.0,17.99652777777778,133.44092556468448,133.4409255646845,9943.442479859274,10076.883405423958,337.30976233670873,70.4279112073392,0.0,0.0,7,19,0.08025638575679506,0.9959482924946942,0.0040517075053058075,0.0,68.41212081195219,27.06407504410502
20.0,0.1,0.5,1,strict,vol_3,10000.0,17.99652777777778,138.1916828793482,138.19168287934818,9572.19702753159,9710.388710410938,596.636788831655,320.25342307296245,0.0,0.0,73,19,0.0664559764045255,0.9812849700945399,0.018522091452826548,0.10611614894848544,121.00802477712439,28.02760892200865
20.0,0.1,1.0,1,strict,fixed_1,10000.0,17.99652777777778,644.9162145057757,644.9162145057758,8315.65714226993,8960.573356775707,2188.0295563249233,898.1971273133723,0.0,0.0,112,19,0.18231457600710965,0.9444337256415204,0.11653482539070037,0.9783908933050357,443.7693748039281,130.79990829412912
20.0,0.1,1.0,1,strict,fixed_3,10000.0,17.99652777777778,454.4848374441748,454.4848374441747,9863.8240001206,10318.308837564775,1072.9001984067115,163.9305235183621,0.0,0.0,17,19,0.07118203748839891,0.9915107080841211,0.0136986301369863,0.0,217.6022937613612,92.17720646755093
20.0,0.1,1.0,1,strict,fixed_5,10000.0,17.99652777777778,304.51765976092673,304.51765976092673,10117.173648693344,10421.69130845427,680.1524167851074,71.11709726325422,0.0,0.0,7,19,0.07530446934684498,0.9959482924946942,0.0040517075053058075,0.0,137.9464056578246,61.76132817686401
20.0,0.1,1.0,1,strict,vol_3,10000.0,17.99652777777778,442.19339798941337,442.1933979894133,9871.069980611832,10313.263378601245,1210.557243016195,326.170447037369,0.0,0.0,73,19,0.05850157167685699,0.9812849700945399,0.018522091452826548,0.10611614894848544,245.52146900610148,89.68429480348665
20.0,0.1,2.0,1,strict,fixed_1,10000.0,17.99652777777778,1841.0894592945228,1841.0894592945224,9400.774227172036,11241.863686466559,4630.871066666815,948.692148077785,0.0,0.0,112,19,0.11030634847881493,0.9444337256415204,0.11653482539070037,0.9783908933050357,939.2189205634103,373.40405934987507
20.0,0.1,2.0,1,strict,fixed_3,10000.0,17.99652777777778,1016.4308623754466,1016.4308623754468,10417.295564072447,11433.726426447893,2201.7530927088837,168.89136795798458,0.0,0.0,17,19,0.06195946503355232,0.9915107080841211,0.0136986301369863,0.0,446.5527399296891,206.14935800290746
20.0,0.1,2.0,1,strict,fixed_5,10000.0,17.99652777777778,655.1299199488152,655.1299199488152,10473.216195644702,11128.346115593517,1382.777340404119,72.51750050648941,0.0,0.0,7,19,0.06594096469785937,0.9959482924946942,0.0040517075053058075,0.0,280.4506155185819,132.87142038398505
20.0,0.1,2.0,1,strict,vol_3,10000.0,17.99652777777778,1076.8317567013553,1076.8317567013555,10495.240136008708,11572.071892710062,2491.996104794984,338.3325913922764,0.0,0.0,73,19,0.048159690229656715,0.9812849700945399,0.018522091452826548,0.10611614894848544,505.4189282964474,218.39968023238754
20.0,0.5,0.5,1,strict,fixed_1,10000.0,17.99652777777778,68.12192669390609,68.1219266939061,7795.145021516106,7863.266948210012,1061.8180750373972,925.5742216495848,0.0,0.0,112,19,0.23190947843052134,0.9444337256415204,0.11653482539070037,0.9783908933050357,215.35465183857067,13.816278090031657
20.0,0.5,0.5,1,strict,fixed_3,10000.0,17.99652777777778,176.57925633197456,176.57925633197456,9590.231695929888,9766.810952261862,529.4004826144555,176.24196995050642,0.0,0.0,17,19,0.07895447414810464,0.9915107080841211,0.0136986301369863,0.0,107.37136548800225,35.813257622259634
20.0,0.5,0.5,1,strict,fixed_5,10000.0,17.99652777777778,127.9998477625945,127.9998477625945,9937.909397186755,10065.90924494935,337.2042114294879,81.204515904299,0.0,0.0,7,19,0.0804474766166502,0.9959482924946942,0.0040517075053058075,0.0,68.3907133040088,25.960532503962828
20.0,0.5,0.5,1,strict,vol_3,10000.0,17.99652777777778,119.4918986221367,119.49189862213669,9553.723369978052,9673.215268600188,596.08640205898,357.1026048147066,0.0,0.0,73,19,0.0675297773394884,0.9812849700945399,0.018522091452826548,0.10611614894848544,120.89639703731423,24.234976621954488
20.0,0.5,1.0,1,strict,fixed_1,10000.0,17.99652777777778,617.4571520962822,617.457152096282,8291.24406992905,8908.701222025331,2184.590599026545,949.676294833984,0.0,0.0,112,19,0.18468198508554734,0.9444337256415204,0.11653482539070037,0.9783908933050357,443.071896140595,125.23074634065442
20.0,0.5,1.0,1,strict,fixed_3,10000.0,17.99652777777778,446.9035914807734,446.90359148077346,9856.372479062757,10303.27607054353,1072.4680839144205,178.6609009528745,0.0,0.0,17,19,0.07142783154108034,0.9915107080841211,0.0136986301369863,0.0,217.51465363898103,90.63960165243854
20.0,0.5,1.0,1,strict,fixed_5,10000.0,17.99652777777778,299.02361475779725,299.0236147577972,10111.585933889688,10410.609548647486,679.94071661691,81.89348710131785,0.0,0.0,7,19,0.07549577645772731,0.9959482924946942,0.0040517075053058075,0.0,137.90346928568314,60.647042993130704
20.0,0.5,1.0,1,strict,vol_3,10000.0,17.99652777777778,423.23863256206016,423.2386325620602,9852.348431149396,10275.587063711457,1209.5152826873912,363.03801756327243,0.0,0.0,73,19,0.05886514359866468,0.9812849700945399,0.018522091452826548,0.10611614894848544,245.31014184082298,85.83994801258685
20.0,0.5,2.0,1,strict,fixed_1,10000.0,17.99652777777778,1811.8038752076222,1811.8038752076218,9374.650202496949,11186.454077704571,4623.725551091665,1000.1178006764233,0.0,0.0,112,19,0.1112006522095712,0.9444337256415204,0.11653482539070037,0.9783908933050357,937.7696892354926,367.4644479294332
20.0,0.5,2.0,1,strict,fixed_3,10000.0,17.99652777777778,1008.6269775941798,1008.6269775941797,10409.623253691672,11418.250231285852,2200.8744219128157,183.6204667244525,0.0,0.0,17,19,0.062053484965453376,0.9915107080841211,0.0136986301369863,0.0,446.3745306414724,204.5665982726224
20.0,0.5,2.0,1,strict,fixed_5,10000.0,17.99652777777778,649.5277914362989,649.5277914362989,10467.518804960408,11117.046596396707,1382.3491711523966,83.29358827980093,0.0,0.0,7,19,0.06613263564091587,0.9959482924946942,0.0040517075053058075,0.0,280.36377555766916,131.73521403778454
20.0,0.5,2.0,1,strict,vol_3,10000.0,17.99652777777778,1057.3428710052838,1057.3428710052835,10475.988831876708,11533.331702881991,2489.879680486927,375.1939384763606,0.0,0.0,73,19,0.048330504204749936,0.9812849700945399,0.018522091452826548,0.10611614894848544,504.98968167622184,214.44700482360682
10.0,0.1,1.0,3,strict,fixed_1,10000.0,17.99652777777778,866.6037196732334,866.6037196732336,9175.889454548349,10042.493174221583,2164.5024213612014,431.29498201473655,0.0,0.0,104,19,0.11720404877448198,0.9097048041674706,0.10669496430638627,0.9398032027783138,438.99767419156757,175.76188117316283
10.0,0.1,1.0,3,strict,fixed_3,10000.0,17.99652777777778,490.2491626534115,490.24916265341153,9905.56856071989,10395.817723373302,1068.230792438732,87.73246713190791,0.0,0.0,18,19,0.07938938845718302,0.984179046884044,0.013119814779085472,0.0,216.65525931151743,99.43081608745246
10.0,0.1,1.0,3,strict,fixed_5,10000.0,17.99652777777778,319.5334599986789,319.53345999867895,10181.604481392143,10501.137941390822,675.9975232097636,36.93060321240601,0.0,0.0,7,19,0.07698214021403527,0.9934400926104573,0.006174030484275516,0.0,137.10372301719147,64.8067862532532
10.0,0.1,1.0,3,strict,vol_3,10000.0,17.99652777777778,494.3847695086853,494.3847695086852,9771.095211000618,10265.479980509304,1159.9928122910133,171.22327327364363,0.0,0.0,75,18,0.08157151475983371,0.9513795099363304,0.01620683002122323,0.09897742620104187,235.2661478449379,100.26958705528263
10.0,0.1,1.0,1,close,fixed_1,10000.0,17.99652777777778,1081.744229393096,1081.7442293930962,8705.690856108344,9787.43508550144,2629.5107521602404,466.0222933740492,0.0,0.0,112,19,0.14446570445539642,0.9444337256415204,0.11653482539070037,0.9783908933050357,533.3092229733445,219.39601272198004
10.0,0.1,1.0,1,close,fixed_3,10000.0,17.99652777777778,510.29115273338175,510.29115273338186,9918.819729904308,10429.11088263769,1104.644598346292,84.06229287953064,0.0,0.0,17,19,0.0688904022037764,0.9915107080841211,0.0136986301369863,0.0,224.04059459417752,103.49567041353095
10.0,0.1,1.0,1,close,fixed_5,10000.0,17.99652777777778,323.59381064754666,323.5938106475467,10136.722525226518,10460.316335874064,684.1280033935797,36.940382098487916,0.0,0.0,7,19,0.07451468990326904,0.9959482924946942,0.0040517075053058075,0.0,138.75272181503587,65.63029399048834
10.0,0.1,1.0,1,close,vol_3,10000.0,17.99652777777778,552.8856549715375,552.8856549715376,9980.550601146011,10533.43625611755,1274.4147767231786,168.64346678010526,0.0,0.0,73,19,0.056129348470672635,0.9812849700945399,0.018522091452826548,0.10611614894848544,258.47285612413765,112.13455537450902
